Dataset,Model,TR TIME,TR CPU%,TR Energy (J),Accuracy,Precision,Recall,F1 Score,MCC,TE TIME,TE CPU%,TE Energy (J),XAI,XAI TR TIME,XAI TR CPU%,XAI TR Energy (J),XAI TE TIME,XAI TE CPU%,XAI TE Energy (J)
QoS-QoE,DT,0.2497238395735621,17.093912760416703,66.21610691329407,1.0,1.0,1.0,1.0,1.0,0.0034941947087645,17.09391276041667,0.9265113447178935,Permutation Importance,4.660478992387652,17.090468295796196,1235.74272621523,2.3466709097847342,17.022705078125,622.0553839485968
QoS-QoE,DT,0.2497238395735621,17.093912760416703,66.21610691329407,1.0,1.0,1.0,1.0,1.0,0.0034941947087645,17.09391276041667,0.9265113447178935,SHAP,1223.4309035353365,32.35669305428576,344696.22964640486,521.1378454053774,43.876043311827765,153352.77329435042
QoS-QoE,DT,0.2497238395735621,17.093912760416703,66.21610691329407,1.0,1.0,1.0,1.0,1.0,0.0034941947087645,17.09391276041667,0.9265113447178935,LIME (ALL),4400.100967346691,87.08939165159765,1501452.4598289228,1876.206673230976,99.38680947856707,665296.7260235382
QoS-QoE,KNN,0.0106544028967618,99.554443359375,3.7799574269955567,0.8086696562032885,0.7991945592463237,0.8086696562032885,0.8015045781001947,0.4917820609739165,1.9696695497259495,99.554443359375,698.7972123220948,Permutation Importance,2010.341986336745,55.18568778678807,616284.5620222313,877.3147758180276,31.422031570647945,246288.34392365822
QoS-QoE,KNN,0.0106544028967618,99.554443359375,3.7799574269955567,0.8086696562032885,0.7991945592463237,0.8086696562032885,0.8015045781001947,0.4917820609739165,1.9696695497259495,99.554443359375,698.7972123220948,SHAP,7458.450405447744,84.36523027374686,2522974.731273825,3198.341999246739,95.7855730378728,1121603.3396636671
QoS-QoE,KNN,0.0106544028967618,99.554443359375,3.7799574269955567,0.8086696562032885,0.7991945592463237,0.8086696562032885,0.8015045781001947,0.4917820609739165,1.9696695497259495,99.554443359375,698.7972123220948,LIME (ALL),20469.286179835908,68.8773003844135,6579600.219587047,8757.257422462106,65.55732297319966,2783313.9272575476
QoS-QoE,MLP,20.200639485381544,69.71128188380041,6511.557029720567,0.8587685037851391,0.8698247823616164,0.8587685037851391,0.8411376611176546,0.624365983562689,0.0201791934669017,69.7774251302082,6.5060946591468385,Permutation Importance,22.79180123656988,70.1041364589015,7356.534177768643,10.64081905875355,70.67105689546442,3441.1049750787242
QoS-QoE,MLP,20.200639485381544,69.71128188380041,6511.557029720567,0.8587685037851391,0.8698247823616164,0.8587685037851391,0.8411376611176546,0.624365983562689,0.0201791934669017,69.7774251302082,6.5060946591468385,SHAP,3270.1405147928745,99.9519709914418,1161589.7448774774,1391.248597483151,99.97774851435334,494225.72440899914
QoS-QoE,MLP,20.200639485381544,69.71128188380041,6511.557029720567,0.8587685037851391,0.8698247823616164,0.8587685037851391,0.8411376611176546,0.624365983562689,0.0201791934669017,69.7774251302082,6.5060946591468385,LIME (ALL),4660.052245075814,99.9519709914418,1655301.62205161,1974.7460202956568,99.19413407789324,699824.927852872
QoS-QoE,SGD,7.171375968493521,99.95772406907597,2547.396167928578,0.7354260089686099,0.6518723749063878,0.7354260089686099,0.6309620210277779,0.0558203138030666,0.0035373158752918,99.73958333333334,1.2556768354542036,Permutation Importance,8.431258815340698,99.74203708377416,2992.9518022341085,4.274526007473469,99.7445415884222,1517.3948158740998
QoS-QoE,SGD,7.171375968493521,99.95772406907597,2547.396167928578,0.7354260089686099,0.6518723749063878,0.7354260089686099,0.6309620210277779,0.0558203138030666,0.0035373158752918,99.73958333333334,1.2556768354542036,SHAP,2904.151852818206,99.9519709914418,1031586.5616600948,1245.8509279852733,99.97774851435334,442574.8054682963
QoS-QoE,SGD,7.171375968493521,99.95772406907597,2547.396167928578,0.7354260089686099,0.6518723749063878,0.7354260089686099,0.6309620210277779,0.0558203138030666,0.0035373158752918,99.73958333333334,1.2556768354542036,LIME (ALL),4412.8928959500045,99.9519709914418,1567507.9128833306,1895.164966143668,97.38370692101569,667893.3938021451
QoS-QoE,GNB,0.032597285695374,99.39371744791724,11.559135214469038,0.3655913978494624,0.7159902271561981,0.3655913978494624,0.4738280087877173,0.1179065050149403,0.0114331115037202,99.39371744791669,4.054229638278069,Permutation Importance,20.404007744044065,98.42788896449272,7213.929193142355,6.25131843239069,97.08692310713592,2201.0711116737652
QoS-QoE,GNB,0.032597285695374,99.39371744791724,11.559135214469038,0.3655913978494624,0.7159902271561981,0.3655913978494624,0.4738280087877173,0.1179065050149403,0.0114331115037202,99.39371744791669,4.054229638278069,SHAP,2997.570490837097,99.9519709914418,1064769.8855607922,1289.431482290849,99.97774851435334,458056.3168680444
QoS-QoE,GNB,0.032597285695374,99.39371744791724,11.559135214469038,0.3655913978494624,0.7159902271561981,0.3655913978494624,0.4738280087877173,0.1179065050149403,0.0114331115037202,99.39371744791669,4.054229638278069,LIME (ALL),4526.512356185354,99.9519709914418,1607866.790194832,1937.275139609352,99.69507307997836,687600.4564610529
QoS-QoE,RF,6.43722824845463,98.79616487892856,2278.4877033247794,0.99995178166739,0.9999519895050304,0.99995178166739,0.999951831446624,0.9998779179153336,0.0900564417243003,98.468017578125,31.843789828913604,Permutation Importance,104.98158380761744,93.42855420286782,36546.297496612795,42.95903262961656,86.68902185123552,14640.276209126732
QoS-QoE,RF,6.43722824845463,98.79616487892856,2278.4877033247794,0.99995178166739,0.9999519895050304,0.99995178166739,0.999951831446624,0.9998779179153336,0.0900564417243003,98.468017578125,31.843789828913604,SHAP,3520.1255531189963,99.9519709914418,1250387.1698134572,1541.4390415428206,99.97774851435334,547579.2236678536
QoS-QoE,RF,6.43722824845463,98.79616487892856,2278.4877033247794,0.99995178166739,0.9999519895050304,0.99995178166739,0.999951831446624,0.9998779179153336,0.0900564417243003,98.468017578125,31.843789828913604,LIME (ALL),6193.39839398209,99.9519709914418,2199962.9764673593,2653.4935827394947,98.8441078376627,939354.9992477241
QoS-QoE,VC,7.432653358206153,98.78589263881494,2630.740197859677,0.8901104199816771,0.9011377898654304,0.8901104199816771,0.8793897570588975,0.7133346278760226,1.0167955188080668,98.4225521058476,359.4867552993922,Permutation Importance,952.2411506203936,79.01353238864374,316576.55208584445,442.0349709512666,61.95502023546382,138761.08610150506
QoS-QoE,VC,7.432653358206153,98.78589263881494,2630.740197859677,0.8901104199816771,0.9011377898654304,0.8901104199816771,0.8793897570588975,0.7133346278760226,1.0167955188080668,98.4225521058476,359.4867552993922,SHAP,7447.523352368735,85.51372724994648,2528574.688479274,3175.4193318318576,91.84683635350596,1099971.4687865046
QoS-QoE,VC,7.432653358206153,98.78589263881494,2630.740197859677,0.8901104199816771,0.9011377898654304,0.8901104199816771,0.8793897570588975,0.7133346278760226,1.0167955188080668,98.4225521058476,359.4867552993922,LIME (ALL),20461.82916891016,69.30593569796433,6586735.580527714,8745.179548998363,69.04715007570617,2812644.7370170634
QoS-QoE,BC,1.646318399347365,65.47444661460509,523.1001097322784,1.0,1.0,1.0,1.0,1.0,0.0283581493422389,65.47444661458364,9.010499450537022,Permutation Importance,32.9519154317677,64.31073293082062,10428.44292879153,14.491733405739067,62.834805486533206,4563.018758549828
QoS-QoE,BC,1.646318399347365,65.47444661460509,523.1001097322784,1.0,1.0,1.0,1.0,1.0,0.0283581493422389,65.47444661458364,9.010499450537022,SHAP,2874.230275692418,99.9519709914418,1020958.0895859897,1282.5815218826756,99.97774851435334,455622.9439604081
QoS-QoE,BC,1.646318399347365,65.47444661460509,523.1001097322784,1.0,1.0,1.0,1.0,1.0,0.0283581493422389,65.47444661458364,9.010499450537022,LIME (ALL),4878.42020952329,99.9519709914418,1732868.3158877073,2080.9210277199745,99.32289173616658,737743.2055204728
QoS-QoE,ABC,0.2641142616048455,99.78841145833913,93.76933002607221,1.0,1.0,1.0,1.0,1.0,0.0050812447443604,99.7884114583334,1.8040105539246865,Permutation Importance,6.118920927867293,99.3320400952037,2169.3850373841715,3.1879396066069603,98.7833658854596,1128.34211376499
QoS-QoE,ABC,0.2641142616048455,99.78841145833913,93.76933002607221,1.0,1.0,1.0,1.0,1.0,0.0050812447443604,99.7884114583334,1.8040105539246865,SHAP,1243.9674669094384,77.41271430032603,411397.8857126593,534.3384526604787,60.17938607314146,166705.28186660993
QoS-QoE,ABC,0.2641142616048455,99.78841145833913,93.76933002607221,1.0,1.0,1.0,1.0,1.0,0.0050812447443604,99.7884114583334,1.8040105539246865,LIME (ALL),4416.383066613227,90.77180276136716,1524683.6686381546,1901.1727112336084,99.180311012532,673722.9186008349
QoS-QoE,DNN1v0,854.5914239184931,69.48417372193279,275261.5671894319,0.7352813539707796,0.5406386694971029,0.7352813539707796,0.6231135582249872,0.1,0.6134215397760272,46.875,182.50804183846125,Permutation Importance,560.9276480507106,37.17034556057365,160973.47051585343,254.9177615623921,26.76660646489993,70273.18501188983
QoS-QoE,DNN1v0,854.5914239184931,69.48417372193279,275261.5671894319,0.7352813539707796,0.5406386694971029,0.7352813539707796,0.6231135582249872,0.1,0.6134215397760272,46.875,182.50804183846125,SHAP,7185.354480726644,34.73140636658523,2042986.7064473005,3110.4890229264274,34.295505618259284,882920.8533463845
QoS-QoE,DNN1v0,854.5914239184931,69.48417372193279,275261.5671894319,0.7352813539707796,0.5406386694971029,0.7352813539707796,0.6231135582249872,0.1,0.6134215397760272,46.875,182.50804183846125,LIME (ALL),12958.605741910636,61.059923371708415,4055284.780568402,5552.635775068775,63.68899529998183,1753515.8761985316
QoS-QoE,DNN1v1,935.8748775711284,44.268419674708696,275794.5865518743,0.7352813539707796,0.5406386694971029,0.7352813539707796,0.6231135582249872,0.1,0.6366254994645715,31.33748372395793,178.66120770232067,Permutation Importance,587.8405414987355,25.25048876805989,161081.38296715255,266.87849566712976,18.525987790863155,71180.16996247416
QoS-QoE,DNN1v1,935.8748775711284,44.268419674708696,275794.5865518743,0.7352813539707796,0.5406386694971029,0.7352813539707796,0.6231135582249872,0.1,0.6366254994645715,31.33748372395793,178.66120770232067,SHAP,7703.671931953169,41.305854577510914,2245403.812685788,3331.3232138631865,44.31749072615093,981891.068175601
QoS-QoE,DNN1v1,935.8748775711284,44.268419674708696,275794.5865518743,0.7352813539707796,0.5406386694971029,0.7352813539707796,0.6231135582249872,0.1,0.6366254994645715,31.33748372395793,178.66120770232067,LIME (ALL),13138.598757667469,62.95120841611895,4138618.8151639015,5613.6880275364965,62.54950151200249,1765843.8350727723
QoS-QoE,DNN2v0,24.8589371079579,13.998595681488505,6507.900956840507,0.7053859877525435,0.6432546650018666,0.7053859877525435,0.6592730913193698,0.0878334657032874,0.6260977108031511,13.930257161457988,163.86162757285902,Permutation Importance,564.177691240795,11.947748396216603,146440.36684715262,253.7870065132156,9.655756146523954,65241.84542192654
QoS-QoE,DNN2v0,24.8589371079579,13.998595681488505,6507.900956840507,0.7053859877525435,0.6432546650018666,0.7053859877525435,0.6592730913193698,0.0878334657032874,0.6260977108031511,13.930257161457988,163.86162757285902,SHAP,8676.482632509433,58.89996259061439,2694862.6373353954,3745.772156277672,63.18966144765883,1180877.6415176776
QoS-QoE,DNN2v0,24.8589371079579,13.998595681488505,6507.900956840507,0.7053859877525435,0.6432546650018666,0.7053859877525435,0.6592730913193698,0.0878334657032874,0.6260977108031511,13.930257161457988,163.86162757285902,LIME (ALL),12713.909974484704,62.90193463077962,4004162.268945776,5445.065944265574,62.765651906393295,1714081.1708457444
QoS-QoE,DNN2v1,29.10493302810937,59.94166556872303,9072.766488494413,0.7352813539707796,0.5406386694971029,0.7352813539707796,0.6231135582249872,0.1,0.5854992149397731,59.063720703125,181.9566952327309,Permutation Importance,579.8895154688507,45.48788616133484,171657.21114001627,262.5612422525883,31.103812074789587,73617.93983134098
QoS-QoE,DNN2v1,29.10493302810937,59.94166556872303,9072.766488494413,0.7352813539707796,0.5406386694971029,0.7352813539707796,0.6231135582249872,0.1,0.5854992149397731,59.063720703125,181.9566952327309,SHAP,7148.167765692808,31.449794053756086,2006918.9224624115,3085.924552803859,31.65429022087568,867089.7550618887
QoS-QoE,DNN2v1,29.10493302810937,59.94166556872303,9072.766488494413,0.7352813539707796,0.5406386694971029,0.7352813539707796,0.6231135582249872,0.1,0.5854992149397731,59.063720703125,181.9566952327309,LIME (ALL),12774.757559073158,60.93778261344691,3996055.2450074623,5463.371257668361,62.80250956005279,1720062.4516652033
UNAC,DT,0.0030013686046004,63.57828776041665,0.9474675615185316,0.9743589743589745,0.9767110082899556,0.9743589743589745,0.974697930846802,0.919705682020932,0.0009684525430202,63.57828776041666,0.3057196533525862,Permutation Importance,0.2889221794903278,63.57828776041667,91.20652240139178,0.2912927875295281,63.57828776041633,91.95487240904306
UNAC,DT,0.0030013686046004,63.57828776041665,0.9474675615185316,0.9743589743589745,0.9767110082899556,0.9743589743589745,0.974697930846802,0.919705682020932,0.0009684525430202,63.57828776041666,0.3057196533525862,SHAP,4.183530720882118,63.47186794029085,1320.1668603825422,1.7699705250561235,63.28125,558.170248494724
UNAC,DT,0.0030013686046004,63.57828776041665,0.9474675615185316,0.9743589743589745,0.9767110082899556,0.9743589743589745,0.974697930846802,0.919705682020932,0.0009684525430202,63.57828776041666,0.3057196533525862,LIME (ALL),11.547292810864748,63.53183866801852,3644.6492200362572,4.8311747489497066,63.88515837156255,1526.7093270815037
UNAC,KNN,0.0026850188151001,63.893636067708336,0.848522978875663,0.8803418803418803,0.8913043478260869,0.8803418803418803,0.883952926506118,0.646509468647695,0.0183540126308798,63.89363606770833,5.800257854541353,Permutation Importance,3.820576228201389,63.591474487603605,1206.1285575383752,1.880149805918336,63.500601645310006,593.364138758862
UNAC,KNN,0.0026850188151001,63.893636067708336,0.848522978875663,0.8803418803418803,0.8913043478260869,0.8803418803418803,0.883952926506118,0.646509468647695,0.0183540126308798,63.89363606770833,5.800257854541353,SHAP,5.878243535757065,63.21946671252249,1853.342737882038,2.6710030948743224,63.092041015625,841.766716300483
UNAC,KNN,0.0026850188151001,63.893636067708336,0.848522978875663,0.8803418803418803,0.8913043478260869,0.8803418803418803,0.883952926506118,0.646509468647695,0.0183540126308798,63.89363606770833,5.800257854541353,LIME (ALL),20.661362602375448,63.6634541550863,6524.260574764185,8.88339277729392,64.55775228418955,2813.752751818411
UNAC,MLP,0.0533600905910134,64.691162109375,16.909173784561457,0.8974358974358975,0.8994082840236686,0.8974358974358975,0.8937062937062937,0.6729503460229024,0.0018360055983066,64.691162109375,0.581808190116201,Permutation Importance,0.4165404103696346,64.691162109375,131.99666846927911,0.3124685063958168,64.691162109375,99.01752823746237
UNAC,MLP,0.0533600905910134,64.691162109375,16.909173784561457,0.8974358974358975,0.8994082840236686,0.8974358974358975,0.8937062937062937,0.6729503460229024,0.0018360055983066,64.691162109375,0.581808190116201,SHAP,7.837509696371853,64.92829102788272,2485.6328741749867,3.256394924595952,65.10035325699562,1033.360764178936
UNAC,MLP,0.0533600905910134,64.691162109375,16.909173784561457,0.8974358974358975,0.8994082840236686,0.8974358974358975,0.8937062937062937,0.6729503460229024,0.0018360055983066,64.691162109375,0.581808190116201,LIME (ALL),12.380928192287683,65.42928984910475,3933.300228278519,5.7003525057807565,65.7743682242027,1813.0843310059151
UNAC,SGD,0.0072316881269216,65.84269205729164,2.300686060099476,0.0769230769230769,0.0059681697612732,0.0769230769230769,0.011076923076923,-0.0876360927116374,0.0012869331985712,65.84269205729166,0.4094243582227547,Permutation Importance,0.2938989829272032,65.84269205729132,93.50089235469598,0.2869587251916528,65.84269205729136,91.29292183032615
UNAC,SGD,0.0072316881269216,65.84269205729164,2.300686060099476,0.0769230769230769,0.0059681697612732,0.0769230769230769,0.011076923076923,-0.0876360927116374,0.0012869331985712,65.84269205729166,0.4094243582227547,SHAP,4.154910693876445,65.73528589106543,1321.3564318205995,1.7147756917402148,65.6864601773102,545.246811786616
UNAC,SGD,0.0072316881269216,65.84269205729164,2.300686060099476,0.0769230769230769,0.0059681697612732,0.0769230769230769,0.011076923076923,-0.0876360927116374,0.0012869331985712,65.84269205729166,0.4094243582227547,LIME (ALL),11.43791327252984,65.5394757194869,3635.083321653574,5.445711142383516,65.84563489780835,1732.5135502546955
UNAC,GNB,0.0024452647194266,65.960693359375,0.7782490378393121,0.8290598290598291,0.8767839395746373,0.8290598290598291,0.8460332070588481,0.5572728678254187,0.0014593629166483,65.960693359375,0.4644682339367486,Permutation Importance,0.2986855115741491,65.960693359375,95.06198251354675,0.2831679750233888,65.960693359375,90.12325019784991
UNAC,GNB,0.0024452647194266,65.960693359375,0.7782490378393121,0.8290598290598291,0.8767839395746373,0.8290598290598291,0.8460332070588481,0.5572728678254187,0.0014593629166483,65.960693359375,0.4644682339367486,SHAP,4.903996934182942,65.77760683909122,1559.8085184559413,2.0280766850337386,65.62703450521235,644.7360668012493
UNAC,GNB,0.0024452647194266,65.960693359375,0.7782490378393121,0.8290598290598291,0.8767839395746373,0.8290598290598291,0.8460332070588481,0.5572728678254187,0.0014593629166483,65.960693359375,0.4644682339367486,LIME (ALL),12.143438826315103,65.93798666694299,3864.565952079873,5.383116478100419,66.2641895457877,1715.0483060980098
UNAC,RF,0.1263944962993264,66.385904947917,40.2857107352056,0.9658119658119658,0.97075831969449,0.9658119658119658,0.9668051476101012,0.8959462078672314,0.0072452668100595,66.38590494791667,2.309283485083187,Permutation Importance,1.7746181823313236,66.38590494792727,565.6239539855625,1.5381603641435504,66.23144983044148,489.9995584175944
UNAC,RF,0.1263944962993264,66.385904947917,40.2857107352056,0.9658119658119658,0.97075831969449,0.9658119658119658,0.9668051476101012,0.8959462078672314,0.0072452668100595,66.38590494791667,2.309283485083187,SHAP,8.595378194004297,66.0498787037078,2736.4653146353644,3.807932905852794,66.08994514306667,1212.4773763685644
UNAC,RF,0.1263944962993264,66.385904947917,40.2857107352056,0.9658119658119658,0.97075831969449,0.9658119658119658,0.9668051476101012,0.8959462078672314,0.0072452668100595,66.38590494791667,2.309283485083187,LIME (ALL),20.145973457954824,66.51145304967683,6423.873930808266,9.167788539081812,67.06473770039815,2928.8125760950584
UNAC,VC,0.0115924943238496,67.22819010416666,3.7054871957294977,0.9572649572649572,0.9611406514632322,0.9572649572649572,0.958258016287706,0.8727700557651912,0.0148191098123788,67.22819010416659,4.736859913651782,Permutation Importance,1.2533126827329395,67.22819010416956,400.61560250737557,1.0759008787572384,67.22819010416349,343.90673989004944
UNAC,VC,0.0115924943238496,67.22819010416666,3.7054871957294977,0.9572649572649572,0.9611406514632322,0.9572649572649572,0.958258016287706,0.8727700557651912,0.0148191098123788,67.22819010416659,4.736859913651782,SHAP,6.147420549765229,66.92799978821627,1962.9888929220876,2.5839778119698167,67.08984375,825.5680282224773
UNAC,VC,0.0115924943238496,67.22819010416666,3.7054871957294977,0.9572649572649572,0.9611406514632322,0.9572649572649572,0.958258016287706,0.8727700557651912,0.0148191098123788,67.22819010416659,4.736859913651782,LIME (ALL),19.987095438875254,67.77291675901095,6400.615614780433,8.682184394448996,68.50373881486027,2787.2563731502214
UNAC,BC,0.028114884160459,68.670654296875,9.030869261913079,0.9658119658119658,0.97085020242915,0.9658119658119658,0.966100968064319,0.8933830515000064,0.0032093059271574,68.670654296875,1.0308711244986344,Permutation Importance,0.6345983007922769,68.670654296875,203.84129116730742,0.5330475037917495,68.670654296875,171.22184426079508
UNAC,BC,0.028114884160459,68.670654296875,9.030869261913079,0.9658119658119658,0.97085020242915,0.9658119658119658,0.966100968064319,0.8933830515000064,0.0032093059271574,68.670654296875,1.0308711244986344,SHAP,5.138737089000642,68.55186292018507,1649.966251182058,2.2428885651752357,68.3707821945672,719.7142141576943
UNAC,BC,0.028114884160459,68.670654296875,9.030869261913079,0.9658119658119658,0.97085020242915,0.9658119658119658,0.966100968064319,0.8933830515000064,0.0032093059271574,68.670654296875,1.0308711244986344,LIME (ALL),12.953205085359514,68.34000807415637,4156.084369388451,5.486630134284496,68.6776489874672,1762.4192161509513
UNAC,ABC,0.0053644999861717,68.71541341145834,1.7234086638640813,0.9743589743589745,0.974535201339325,0.9743589743589745,0.974174019282218,0.9160703715200618,0.0014999713748693,68.71541341145834,0.48188343175719967,Permutation Importance,0.3332207696512341,68.71541341145785,107.05108824246953,0.3269067658111453,68.6143897045619,104.98674698425627
UNAC,ABC,0.0053644999861717,68.71541341145834,1.7234086638640813,0.9743589743589745,0.974535201339325,0.9743589743589745,0.974174019282218,0.9160703715200618,0.0014999713748693,68.71541341145834,0.48188343175719967,SHAP,4.309417466633022,68.389892578125,1382.926377472291,1.8944659801200032,68.19882533569738,607.5558124699169
UNAC,ABC,0.0053644999861717,68.71541341145834,1.7234086638640813,0.9743589743589745,0.974535201339325,0.9743589743589745,0.974174019282218,0.9160703715200618,0.0014999713748693,68.71541341145834,0.48188343175719967,LIME (ALL),12.050314373336732,68.30792391313913,3865.968303064294,5.34145023394376,68.65764612414286,1715.668302896412
UNAC,DNN1v0,6.475228309631348,68.45127249896376,2078.3842859115575,0.1,0.0,0.1,0.0,-0.1940025468255451,0.0887806434184312,68.0887858072923,28.461361406588505,Permutation Importance,11.470907141454518,67.88662338274321,3674.8311456079996,11.266990867443385,67.22365727019259,3601.386014784787
UNAC,DNN1v0,6.475228309631348,68.45127249896376,2078.3842859115575,0.1,0.0,0.1,0.0,-0.1940025468255451,0.0887806434184312,68.0887858072923,28.461361406588505,SHAP,38.56476382911205,66.14601111741358,12281.690153791846,15.890568602830172,64.81380469104681,5037.649023038655
UNAC,DNN1v0,6.475228309631348,68.45127249896376,2078.3842859115575,0.1,0.0,0.1,0.0,-0.1940025468255451,0.0887806434184312,68.0887858072923,28.461361406588505,LIME (ALL),61.365353824570775,63.67575269090268,19378.223676717174,26.81322167534381,62.26463278784832,8426.075609970176
UNAC,DNN1v1,6.60936854314059,61.903959623495474,2074.4083288142942,0.0085470085470085,0.0911680911680911,0.0085470085470085,0.0156288156288156,-0.19952867751007,0.0876221777871251,61.70247395833288,27.481801796701827,Permutation Importance,11.595166585408151,61.40490067564461,3632.955607192077,10.730978693813086,60.78757841443844,3354.9916311852594
UNAC,DNN1v1,6.60936854314059,61.903959623495474,2074.4083288142942,0.0085470085470085,0.0911680911680911,0.0085470085470085,0.0156288156288156,-0.19952867751007,0.0876221777871251,61.70247395833288,27.481801796701827,SHAP,38.31543637346476,59.50927370146306,11925.914509266488,16.381232036277652,58.10729796924032,5073.798402412565
UNAC,DNN1v1,6.60936854314059,61.903959623495474,2074.4083288142942,0.0085470085470085,0.0911680911680911,0.0085470085470085,0.0156288156288156,-0.19952867751007,0.0876221777871251,61.70247395833288,27.481801796701827,LIME (ALL),61.03737774398178,58.849184511292165,18954.469093030883,26.48925621341914,59.69788318628885,8250.37341906865
UNAC,DNN2v0,0.9312648819759488,62.23551432291108,292.6212361502895,0.1,0.0,0.1,0.0,-0.0158395726160816,0.0829391591250896,62.235514322917226,26.061069990048864,Permutation Importance,11.744903084822,61.73915550773874,3684.137219506271,10.814661507494748,61.0700193357341,3384.4744443077498
UNAC,DNN2v0,0.9312648819759488,62.23551432291108,292.6212361502895,0.1,0.0,0.1,0.0,-0.0158395726160816,0.0829391591250896,62.235514322917226,26.061069990048864,SHAP,36.494934214279056,59.91115511152102,11375.212366618349,15.534215049818158,58.68130479502744,4821.140888181797
UNAC,DNN2v0,0.9312648819759488,62.23551432291108,292.6212361502895,0.1,0.0,0.1,0.0,-0.0158395726160816,0.0829391591250896,62.235514322917226,26.061069990048864,LIME (ALL),58.985027252696455,58.90374204239982,18320.63234269973,25.35095470119268,59.26612457978632,7883.94073218606
UNAC,DNN2v1,1.2671845145523548,59.74934895833579,394.74958884789606,0.8205128205128205,0.697072838665759,0.8205128205128205,0.7537725432462276,0.1959542806268727,0.0767942117527127,59.74934895833292,23.92270673066912,Permutation Importance,12.424410052597525,59.24563210033732,3863.613760778625,10.931878358125688,58.61646727578825,3392.0065351150306
UNAC,DNN2v1,1.2671845145523548,59.74934895833579,394.74958884789606,0.8205128205128205,0.697072838665759,0.8205128205128205,0.7537725432462276,0.1959542806268727,0.0767942117527127,59.74934895833292,23.92270673066912,SHAP,34.6224689790979,57.41127662133443,10697.509902002213,16.340292925015092,56.0124882272213,5023.915839886339
UNAC,DNN2v1,1.2671845145523548,59.74934895833579,394.74958884789606,0.8205128205128205,0.697072838665759,0.8205128205128205,0.7537725432462276,0.1959542806268727,0.0767942117527127,59.74934895833292,23.92270673066912,LIME (ALL),59.33617971464992,54.83361215704239,18167.220755930968,25.4599452521652,56.12846994431228,7831.014052395225
5G Slicing,DT,0.1458280589999958,10.120391845703123,37.56213118489535,1.0,1.0,1.0,1.0,1.0,0.0087182559996108,10.120391845703123,2.245632821327556,Permutation Importance,2.83774299300012,10.109510669753345,730.9072162638606,1.060302505999971,10.0738525390625,273.05719619287703
5G Slicing,DT,0.1458280589999958,10.120391845703123,37.56213118489535,1.0,1.0,1.0,1.0,1.0,0.0087182559996108,10.120391845703123,2.245632821327556,SHAP,1982.338000175,11.008206418825957,512519.87050577014,867.3452756890001,11.637012196867264,224838.91671334658
5G Slicing,DT,0.1458280589999958,10.120391845703123,37.56213118489535,1.0,1.0,1.0,1.0,1.0,0.0087182559996108,10.120391845703123,2.245632821327556,LIME (ALL),8848.698979583001,91.26106139556458,3059573.1587278177,3789.966723600999,99.97774851435334,1346343.8905500062
5G Slicing,KNN,0.3883370229996217,99.96231754446555,137.9459328223802,1.0,1.0,1.0,1.0,1.0,9.103762831000497,99.98920418917388,3234.1247145053107,Permutation Importance,1668.891089331002,47.88978321596598,498376.90758997644,712.4987728609995,13.31395701336138,185997.1751186699
5G Slicing,KNN,0.3883370229996217,99.96231754446555,137.9459328223802,1.0,1.0,1.0,1.0,1.0,9.103762831000497,99.98920418917388,3234.1247145053107,SHAP,22417.519655354,9.9762934849158,5770753.849051727,9698.286758506,9.923646535843895,2495993.599992659
5G Slicing,KNN,0.3775620550004532,1.915740966796875,93.88497904290254,1.0,1.0,1.0,1.0,1.0,9.405454196999926,1.917376675605207,2338.786886946642,LIME (ALL),66297.750238739,55.90151076112208,20375623.247138903,28839.035132169,57.32370285379351,8907823.125614336
5G Slicing,MLP,12.536230497993529,2.721943938058253,3128.2567426893975,1.0,1.0,1.0,1.0,1.0,0.0916587999090552,2.7472277894405197,22.874805503185748,Permutation Importance,17.343408040702343,4.0149550074113725,4352.199377988711,8.424297770485282,5.3990483927427295,2126.6875239919773
5G Slicing,MLP,12.536230497993529,2.721943938058253,3128.2567426893975,1.0,1.0,1.0,1.0,1.0,0.0916587999090552,2.7472277894405197,22.874805503185748,SHAP,4241.181095300242,81.67677626877051,1422274.5957809836,1798.767357272096,99.97774851435334,638992.2705397941
5G Slicing,MLP,12.536230497993529,2.721943938058253,3128.2567426893975,1.0,1.0,1.0,1.0,1.0,0.0916587999090552,2.7472277894405197,22.874805503185748,LIME (ALL),7854.950324413367,99.9519709914418,2790164.4293528153,3353.654019067064,99.97774851435334,1191348.6130293435
5G Slicing,SGD,34.32522476837039,99.96231754446555,12193.081961220412,0.8614289183128365,0.8751653808626989,0.8614289183128365,0.8630771758919746,0.7928460739108788,0.0065549323335289,98.37646484375,2.317159609658152,Permutation Importance,3.951550642028451,98.37646484375,1396.8677443688666,1.908086007460952,98.3824162096946,674.5181343468612
5G Slicing,SGD,34.32522476837039,99.96231754446555,12193.081961220412,0.8614289183128365,0.8751653808626989,0.8614289183128365,0.8630771758919746,0.7928460739108788,0.0065549323335289,98.37646484375,2.317159609658152,SHAP,2428.955557269044,54.60451606760143,743079.2844043985,1042.0456608692184,33.17534503094981,294518.8975651773
5G Slicing,SGD,34.32522476837039,99.96231754446555,12193.081961220412,0.8614289183128365,0.8751653808626989,0.8614289183128365,0.8630771758919746,0.7928460739108788,0.0065549323335289,98.37646484375,2.317159609658152,LIME (ALL),6732.148185212165,92.3935622696072,2336029.576213398,2867.3072320884094,99.97774851435334,1018579.2793938243
5G Slicing,GNB,0.0518884528428316,99.96231754446555,18.43193052989301,0.5522417905757666,0.3270320321797627,0.5522417905757666,0.4042105198111652,0.5026160419521154,0.0150451846420764,99.98920418917388,5.344823276760116,Permutation Importance,4.711117994971573,99.9519709914418,1673.4407359903114,1.8217804320156572,99.97774851435334,647.167411601277
5G Slicing,GNB,0.0518884528428316,99.96231754446555,18.43193052989301,0.5522417905757666,0.3270320321797627,0.5522417905757666,0.4042105198111652,0.5026160419521154,0.0150451846420764,99.98920418917388,5.344823276760116,SHAP,2504.3826519697905,54.82342209436448,766750.1845506803,1068.4897577129304,33.593909653581235,302479.00363494374
5G Slicing,GNB,0.0518884528428316,99.96231754446555,18.43193052989301,0.5522417905757666,0.3270320321797627,0.5522417905757666,0.4042105198111652,0.5026160419521154,0.0150451846420764,99.98920418917388,5.344823276760116,LIME (ALL),7135.758997802623,92.76966950477072,2478997.8571090447,3038.735980379395,99.97774851435334,1079477.4520582294
5G Slicing,RF,8.063755730167031,99.96231754446555,2864.425075048249,1.0,1.0,1.0,1.0,1.0,0.6241138558834791,99.98920418917388,221.71733638585334,Permutation Importance,127.71123734582216,94.29327718366444,44578.99322274638,50.75692007038742,86.77697087942094,17302.618509525124
5G Slicing,RF,8.063755730167031,99.96231754446555,2864.425075048249,1.0,1.0,1.0,1.0,1.0,0.6241138558834791,99.98920418917388,221.71733638585334,SHAP,6739.438040564768,36.776083654850936,1931177.5027649505,2896.375463211909,29.142900554772837,805924.2313358976
5G Slicing,RF,8.063755730167031,99.96231754446555,2864.425075048249,1.0,1.0,1.0,1.0,1.0,0.6241138558834791,99.98920418917388,221.71733638585334,LIME (ALL),19454.321983163245,98.3940974527792,6877449.0182847325,8321.313337646425,99.97774851435334,2956054.8127577743
5G Slicing,VC,35.19015011191368,99.57643252225296,12485.564035836718,1.0,1.0,1.0,1.0,1.0,8.574429962784052,97.3778434244274,3021.743053525141,Permutation Importance,1632.4222312159836,49.07441315495681,489588.0536615366,717.9068311871961,17.057584852010084,190329.91472294778
5G Slicing,VC,35.19015011191368,99.57643252225296,12485.564035836718,1.0,1.0,1.0,1.0,1.0,8.574429962784052,97.3778434244274,3021.743053525141,SHAP,23437.17343261,24.678571803092915,6407738.645208623,9389.088167130016,25.855980084078684,2578997.697156348
5G Slicing,VC,35.19015011191368,99.57643252225296,12485.564035836718,1.0,1.0,1.0,1.0,1.0,8.574429962784052,97.3778434244274,3021.743053525141,LIME (ALL),112135.03889968432,31.60100049007296,31501451.17115693,48327.990386297,30.657803621142197,13526962.908330852
5G Slicing,BC,1.3032141607254744,29.551188151044173,363.2011248818409,1.0,1.0,1.0,1.0,1.0,0.0769712794572115,29.55118815104169,21.45162025164834,Permutation Importance,17.33637490309775,29.3580682415192,4827.946925298935,7.0080534014850855,29.05769516785757,1949.3606524639642
5G Slicing,BC,1.3032141607254744,29.551188151044173,363.2011248818409,1.0,1.0,1.0,1.0,1.0,0.0769712794572115,29.55118815104169,21.45162025164834,SHAP,3338.596909277141,29.85978210998316,931574.757885086,1439.0706463949757,30.320643101145485,402267.30176564935
5G Slicing,BC,1.3032141607254744,29.551188151044173,363.2011248818409,1.0,1.0,1.0,1.0,1.0,0.0769712794572115,29.55118815104169,21.45162025164834,LIME (ALL),8468.389174837619,94.21554197288178,2955267.6746442355,3582.219088597223,99.97774851435334,1272543.833831357
5G Slicing,ABC,0.2293146215379238,99.96231754446555,81.45764504635139,1.0,1.0,1.0,1.0,1.0,0.0184573102742433,99.98920418917388,6.556985768341113,Permutation Importance,4.713619275949895,99.9519709914418,1674.3292184027132,1.931371284648776,99.97774851435334,686.0983536551892
5G Slicing,ABC,0.2293146215379238,99.96231754446555,81.45764504635139,1.0,1.0,1.0,1.0,1.0,0.0184573102742433,99.98920418917388,6.556985768341113,SHAP,2545.5341297788545,55.1330733123707,780205.9379898041,1087.6926160845906,33.25300170887612,307512.1407188457
5G Slicing,ABC,0.2293146215379238,99.96231754446555,81.45764504635139,1.0,1.0,1.0,1.0,1.0,0.0184573102742433,99.98920418917388,6.556985768341113,LIME (ALL),7203.190320490859,92.97189966156924,2504007.036469203,3071.26337824855,99.97774851435334,1091032.451505564
5G Slicing,DNN1v0,4491.418168096017,3.543649904408185,1124787.3577676725,1.0,1.0,1.0,1.0,1.0,4.493410834023962,2.6360403521925853,1120.853954259576,Permutation Importance,751.7903953959758,2.4772980333371515,187399.82871338254,322.72603279098985,2.227466602539941,80358.7343563636
5G Slicing,DNN1v0,4491.418168096017,3.543649904408185,1124787.3577676725,1.0,1.0,1.0,1.0,1.0,4.493410834023962,2.6360403521925853,1120.853954259576,SHAP,60894.18198867899,8.105893923477803,15551690.493102472,15096.218369889017,9.373970378155274,3876210.295623373
5G Slicing,DNN1v0,4491.418168096017,3.543649904408185,1124787.3577676725,1.0,1.0,1.0,1.0,1.0,4.493410834023962,2.6360403521925853,1120.853954259576,LIME (ALL),124167.98282405766,15.934292220533614,32767559.04134496,47879.9344010165,14.12193909861963,12541060.28465161
5G Slicing,DNN1v1,6636.349655806087,10.738334556655513,1713836.114056668,1.0,1.0,1.0,1.0,1.0,3.596772136166692,10.50210357600984,927.9423061047996,Permutation Importance,635.2339047817513,9.483206329130343,163182.50330787856,273.06280796136707,8.420968961623162,69830.68255984748
5G Slicing,DNN1v1,6636.349655806087,10.738334556655513,1713836.114056668,1.0,1.0,1.0,1.0,1.0,3.596772136166692,10.50210357600984,927.9423061047996,SHAP,40575.2963918075,21.26758463970183,10942891.824167589,17803.01402971428,20.198091599979296,4780662.65168696
5G Slicing,DNN1v1,6636.349655806087,10.738334556655513,1713836.114056668,1.0,1.0,1.0,1.0,1.0,3.596772136166692,10.50210357600984,927.9423061047996,LIME (ALL),125538.6922227606,17.99053270285274,33409840.11515325,38902.0511472661,43.51412690507024,11432220.95518702
5G Slicing,DNN2v0,144.27270582411438,10.466909968876914,37215.84070354521,0.9994857950893432,0.999486282224252,0.9994857950893432,0.99948585487802,0.9992054520480536,3.627801339142025,10.63232421875,936.4610657202733,Permutation Importance,623.2296906542033,9.45493639159984,160079.6437088632,267.87643270753324,8.334579584776852,68479.21318533005
5G Slicing,DNN2v0,144.27270582411438,10.466909968876914,37215.84070354521,0.9994857950893432,0.999486282224252,0.9994857950893432,0.99948585487802,0.9992054520480536,3.627801339142025,10.63232421875,936.4610657202733,SHAP,40473.52275854815,21.28709185112814,10916302.231132729,17684.072267662734,19.64444245324141,4738082.068685362
5G Slicing,DNN2v0,144.27270582411438,10.466909968876914,37215.84070354521,0.9994857950893432,0.999486282224252,0.9994857950893432,0.99948585487802,0.9992054520480536,3.627801339142025,10.63232421875,936.4610657202733,LIME (ALL),125541.64551214412,30.63580404197988,35135996.80304799,53798.75103699706,61.185931207053926,16843226.555253554
5G Slicing,DNN2v1,179.9140351265669,21.11664992084532,48492.12403065278,0.9989858736484268,0.9989867270707076,0.9989858736484268,0.9989856504322188,0.9984328771232795,3.437460812740028,20.648193359375,924.7466473323166,Permutation Importance,641.3609689222649,16.794001874173066,169852.5077335272,277.33835041336715,12.87821540248116,72267.58878772962
5G Slicing,DNN2v1,179.9140351265669,21.11664992084532,48492.12403065278,0.9989858736484268,0.9989867270707076,0.9989858736484268,0.9989856504322188,0.9984328771232795,3.437460812740028,20.648193359375,924.7466473323166,SHAP,40876.13743221853,21.28896582712492,11024976.562060088,17769.023029575124,19.77002287475248,4763268.09596502
5G Slicing,DNN2v1,179.9140351265669,21.11664992084532,48492.12403065278,0.9989858736484268,0.9989867270707076,0.9989858736484268,0.9989856504322188,0.9984328771232795,3.437460812740028,20.648193359375,924.7466473323166,LIME (ALL),125972.0990897882,30.5623652618753,35246415.46251445,53990.38409947717,65.74788249903439,17170913.570129283
KPI-KQI,DT,0.0019395207054913044,0.1,2.5961870014933606,1.0,1.0,1.0,1.0,1.0,0.0010133408941328526,0.1,1.3564291682892613,Permutation Importance,0.1638589007779956,4.26,223.45527251069964,0.15905685583129525,4.916666666666666,217.52293702708283
KPI-KQI,DT,0.0019395207054913044,0.1,2.5961870014933606,1.0,1.0,1.0,1.0,1.0,0.0010133408941328526,0.1,1.3564291682892613,SHAP,1.48905269196257,5.437704918032786,2040.9758610616086,0.6294758580625057,6.549999999999999,866.9244931127797
KPI-KQI,DT,0.0019395207054913044,0.1,2.5961870014933606,1.0,1.0,1.0,1.0,1.0,0.0010133408941328526,0.1,1.3564291682892613,LIME (ALL),2.827964757103473,99.01407407407407,5437.481865304063,1.2431611381471157,100.0,2397.525052140866
KPI-KQI,KNN,0.0015600621700286865,96.6,2.9773964807816915,0.82,0.8361428571428572,0.82,0.8120994560994561,0.8007359693211344,0.004468924831598997,100.0,8.61864074665521,Permutation Importance,0.8716991120018065,5.636111111111111,1195.8181846358284,0.6595008629374206,4.304545454545455,899.538235753007
KPI-KQI,KNN,0.0015600621700286865,96.6,2.9773964807816915,0.82,0.8361428571428572,0.82,0.8120994560994561,0.8007359693211344,0.004468924831598997,100.0,8.61864074665521,SHAP,6.348689793609083,5.279104477611937,8695.915607214982,2.713838833849877,5.547413793103448,3721.490367916086
KPI-KQI,KNN,0.0015600621700286865,96.6,2.9773964807816915,0.82,0.8361428571428572,0.82,0.8120994560994561,0.8007359693211344,0.004468924831598997,100.0,8.61864074665521,LIME (ALL),4.177413804922253,99.51758793969849,8044.551024170765,1.8878570231609046,100.0,3640.8671160960307
KPI-KQI,MLP,0.10200572293251753,61.67999999999999,173.66305291205964,0.96,0.976,0.96,0.955,0.955924477136813,0.0008777608163654804,0.1,1.1749455499063646,Permutation Importance,0.1716279531829059,4.487500000000001,234.28033907029157,0.17758397897705436,6.314285714285715,244.3246047218051
KPI-KQI,MLP,0.10200572293251753,61.67999999999999,173.66305291205964,0.96,0.976,0.96,0.955,0.955924477136813,0.0008777608163654804,0.1,1.1749455499063646,SHAP,2.099063870962709,99.09387755102041,4036.9727558028294,0.9317140132188797,99.37333333333333,1793.4321682153459
KPI-KQI,MLP,0.10200572293251753,61.67999999999999,173.66305291205964,0.96,0.976,0.96,0.955,0.955924477136813,0.0008777608163654804,0.1,1.1749455499063646,LIME (ALL),3.302330393344164,99.73757961783438,6363.667111363837,1.468336144927889,100.0,2831.7911366466433
KPI-KQI,SGD,0.005031295120716095,0.1,6.734747897301402,0.68,0.7022222222222223,0.68,0.6737820512820513,0.6419761815494811,0.0008624508045613766,0.1,1.1544520055343,Permutation Importance,0.1735169468447566,3.3857142857142857,235.73095237323884,0.1708671636879444,3.6166666666666667,232.3639238882145
KPI-KQI,SGD,0.005031295120716095,0.1,6.734747897301402,0.68,0.7022222222222223,0.68,0.6737820512820513,0.6419761815494811,0.0008624508045613766,0.1,1.1544520055343,SHAP,1.5022074631415308,5.5728813559322035,2060.204571336114,0.6597591042518616,5.538461538461538,904.6935841903583
KPI-KQI,SGD,0.005031295120716095,0.1,6.734747897301402,0.68,0.7022222222222223,0.68,0.6737820512820513,0.6419761815494811,0.0008624508045613766,0.1,1.1544520055343,LIME (ALL),2.8661353643983603,99.15839416058395,5513.315052267354,1.290079983882606,100.0,2488.011397487883
KPI-KQI,GNB,0.0022410820238292217,96.2,4.271841701267819,1.0,1.0,1.0,1.0,1.0,0.001155890990048647,95.8,2.2005753592175568,Permutation Importance,0.1913446867838502,4.01111111111111,260.6568090531545,0.19019601494073868,5.35,260.59448863942174
KPI-KQI,GNB,0.0022410820238292217,96.2,4.271841701267819,1.0,1.0,1.0,1.0,1.0,0.001155890990048647,95.8,2.2005753592175568,SHAP,1.5978513727895916,4.957627118644067,2185.5753473738773,0.6993972407653928,5.196153846153844,957.6348001195429
KPI-KQI,GNB,0.0022410820238292217,96.2,4.271841701267819,1.0,1.0,1.0,1.0,1.0,0.001155890990048647,95.8,2.2005753592175568,LIME (ALL),3.342068749014288,99.3275,6432.157808391513,1.4675725679844618,100.0,2830.3185239700338
KPI-KQI,RF,0.10386893805116415,28.725,156.63944073991019,1.0,1.0,1.0,1.0,1.0,0.004850174766033888,0.1,6.492305365391076,Permutation Importance,0.6678597619757056,4.111538461538462,910.1789891530291,0.6298146727494895,4.249999999999999,858.8445291567245
KPI-KQI,RF,0.10386893805116415,28.725,156.63944073991019,1.0,1.0,1.0,1.0,1.0,0.004850174766033888,0.1,6.492305365391076,SHAP,2.4930055090226233,5.305494505494505,3415.1030451275483,1.089619274251163,4.948837209302326,1490.3480841428268
KPI-KQI,RF,0.10386893805116415,28.725,156.63944073991019,1.0,1.0,1.0,1.0,1.0,0.004850174766033888,0.1,6.492305365391076,LIME (ALL),5.047170071396977,99.60330578512396,9722.015114140997,2.271467980928719,99.92660550458716,4379.704640780748
KPI-KQI,VC,0.022434182930737734,100.0,43.265924223565634,0.98,0.985,0.98,0.9794285714285713,0.977533344384277,0.003283263184130192,13.3,4.652519952815825,Permutation Importance,0.43866076972335577,6.359999999999999,603.639079909934,0.6032874840311706,52.868181818181824,995.722192465788
KPI-KQI,VC,0.022434182930737734,100.0,43.265924223565634,0.98,0.985,0.98,0.9794285714285713,0.977533344384277,0.003283263184130192,13.3,4.652519952815825,SHAP,1.9859547298401594,11.279166666666663,2790.5017547032285,0.8232079069130123,5.7607142857142835,1129.9019507097005
KPI-KQI,VC,0.022434182930737734,100.0,43.265924223565634,0.98,0.985,0.98,0.9794285714285713,0.977533344384277,0.003283263184130192,13.3,4.652519952815825,LIME (ALL),4.394029181916267,99.34142857142858,8457.125822307238,1.9442832609638572,100.0,3749.689146144582
KPI-KQI,BC,0.021905272733420134,100.0,42.24588312873883,1.0,1.0,1.0,1.0,1.0,0.002002202905714512,0.1,2.68009160379214,Permutation Importance,0.30550007382407784,3.878571428571429,415.9246030081599,0.3111139899119735,4.55,424.8001529842143
KPI-KQI,BC,0.021905272733420134,100.0,42.24588312873883,1.0,1.0,1.0,1.0,1.0,0.002002202905714512,0.1,2.68009160379214,SHAP,1.7762013981118798,5.767796610169491,2438.016576478935,0.7779889581725001,6.230769230769232,1069.9938621622716
KPI-KQI,BC,0.021905272733420134,100.0,42.24588312873883,1.0,1.0,1.0,1.0,1.0,0.002002202905714512,0.1,2.68009160379214,LIME (ALL),3.251631076913327,99.37935483870967,6259.0959475342825,1.4271945948712528,100.0,2752.4467186802735
KPI-KQI,ABC,0.003630684223026037,100.0,7.002033858693072,0.92,0.9343333333333333,0.92,0.9198065268065269,0.9101741521539871,0.0009964508935809135,96.3,1.8999742003277478,Permutation Importance,0.17792781023308635,3.8125,242.17134680771895,0.17570788832381368,4.883333333333333,240.25999619396595
KPI-KQI,ABC,0.003630684223026037,100.0,7.002033858693072,0.92,0.9343333333333333,0.92,0.9198065268065269,0.9101741521539871,0.0009964508935809135,96.3,1.8999742003277478,SHAP,1.5416599810123444,5.032758620689653,2109.3989382568066,0.6777674769982696,6.073076923076924,931.5253706650713
KPI-KQI,ABC,0.003630684223026037,100.0,7.002033858693072,0.92,0.9343333333333333,0.92,0.9198065268065269,0.9101741521539871,0.0009964508935809135,96.3,1.8999742003277478,LIME (ALL),2.9893487012013793,99.3034965034965,5752.888153420426,1.3151343148201704,100.0,2536.330464296043
KPI-KQI,DNN1v0,2.8969977851957083,21.43750000000001,4244.254365016469,0.58,0.5344242424242425,0.58,0.5325325077399381,0.5435171810960561,0.08530093217268586,4.9,116.64744058597901,Permutation Importance,6.230604632291943,5.178767123287675,8530.483761035499,6.052144377026707,4.978057553956841,8278.982290575981
KPI-KQI,DNN1v0,2.8969977851957083,21.43750000000001,4244.254365016469,0.58,0.5344242424242425,0.58,0.5325325077399381,0.5435171810960561,0.08530093217268586,4.9,116.64744058597901,SHAP,13.953243389725685,5.2192125984251865,19107.080105152396,6.037762172054499,5.211552346570406,8267.62600635477
KPI-KQI,DNN1v0,2.8969977851957083,21.43750000000001,4244.254365016469,0.58,0.5344242424242425,0.58,0.5325325077399381,0.5435171810960561,0.08530093217268586,4.9,116.64744058597901,LIME (ALL),22.33623296301812,52.36115859449183,36798.99438203404,9.99499662593007,52.19935064935068,16457.237680472226
KPI-KQI,DNN1v1,2.695989607833326,8.929133858267711,3750.804488095351,0.9,0.9243181818181818,0.9,0.8914847374847374,0.8884928480057194,0.06619098596274853,3.9333333333333336,90.1374347862832,Permutation Importance,6.29632282583043,4.885472972972977,8609.564878187506,6.0804424630478024,5.0571942446043225,8320.531428018036
KPI-KQI,DNN1v1,2.695989607833326,8.929133858267711,3750.804488095351,0.9,0.9243181818181818,0.9,0.8914847374847374,0.8884928480057194,0.06619098596274853,3.9333333333333336,90.1374347862832,SHAP,13.974552693776786,5.136150234741775,19129.411835336963,6.188117756973952,5.3187943262411395,8477.426247254689
KPI-KQI,DNN1v1,2.695989607833326,8.929133858267711,3750.804488095351,0.9,0.9243181818181818,0.9,0.8914847374847374,0.8884928480057194,0.06619098596274853,3.9333333333333336,90.1374347862832,LIME (ALL),22.736230440903455,51.794766355140105,37382.01314816033,9.979807161260396,51.35361702127664,16382.429978658509
KPI-KQI,DNN2v0,0.8604050748981535,7.989999999999997,1192.2740058923025,0.16,0.05796536796536796,0.16,0.07401182695300342,0.0656144993876937,0.07024257490411401,2.9,95.22655429254486,Permutation Importance,6.264893424231559,5.091836734693886,8574.21624613241,6.524290328845382,4.981972789115649,8925.001263528247
KPI-KQI,DNN2v0,0.8604050748981535,7.989999999999997,1192.2740058923025,0.16,0.05796536796536796,0.16,0.07401182695300342,0.0656144993876937,0.07024257490411401,2.9,95.22655429254486,SHAP,14.232246019411832,5.348840803709418,19500.021393582785,6.262438382953405,5.304964539007097,8578.730972551268
KPI-KQI,DNN2v0,0.8604050748981535,7.989999999999997,1192.2740058923025,0.16,0.05796536796536796,0.16,0.07401182695300342,0.0656144993876937,0.07024257490411401,2.9,95.22655429254486,LIME (ALL),22.781704585067928,51.728704566635514,37447.90044115817,9.946478648111224,52.00256410256414,16365.802254867272
KPI-KQI,DNN2v1,0.8923502690158784,6.773170731707316,1230.1344146574072,0.1,0.03097142857142857,0.1,0.046390977443609024,0.01910064035557531,0.0714542898349464,3.725,97.21705747676864,Permutation Importance,6.274998840875924,5.000341296928334,8584.65926418438,6.086202930193394,5.091007194244608,8329.628277973745
KPI-KQI,DNN2v1,0.8923502690158784,6.773170731707316,1230.1344146574072,0.1,0.03097142857142857,0.1,0.046390977443609024,0.01910064035557531,0.0714542898349464,3.725,97.21705747676864,SHAP,14.541809940245003,5.2478527607361904,19915.499642629948,6.265726414974779,5.235563380281696,8580.66954416825
KPI-KQI,DNN2v1,0.8923502690158784,6.773170731707316,1230.1344146574072,0.1,0.03097142857142857,0.1,0.046390977443609024,0.01910064035557531,0.0714542898349464,3.725,97.21705747676864,LIME (ALL),22.776052351109684,51.9435228331779,37467.47646540471,9.89342259382829,52.01370449678806,16279.154814499247
NSR,DT,0.007259379141032696,4.2,9.897084922468556,1.0,1.0,1.0,1.0,1.0,0.0015360522083938122,0.1,2.056115598950003,Permutation Importance,0.6096893912181258,4.320689655172414,831.6550433961681,0.3502601250074804,4.323529411764706,477.78291962107573
NSR,DT,0.007259379141032696,4.2,9.897084922468556,1.0,1.0,1.0,1.0,1.0,0.0015360522083938122,0.1,2.056115598950003,SHAP,280.50028811069205,4.883258163449381,383551.22776944836,119.88625092292204,5.20725671140954,164159.5532238408
NSR,DT,0.007259379141032696,4.2,9.897084922468556,1.0,1.0,1.0,1.0,1.0,0.0015360522083938122,0.1,2.056115598950003,LIME (ALL),540.2736595962197,99.9882743189134,1041918.9665548668,231.0128957759589,99.98381205836469,445502.806647748
NSR,KNN,0.0031036650761961937,0.1,4.154477394851191,1.0,1.0,1.0,1.0,1.0,0.5716045242734253,17.445833333333333,823.9689764865863,Permutation Importance,181.36099185608327,15.262128410479317,259095.57495944932,81.8717808383517,16.411262441068693,117518.58039942886
NSR,KNN,0.0031036650761961937,0.1,4.154477394851191,1.0,1.0,1.0,1.0,1.0,0.5716045242734253,17.445833333333333,823.9689764865863,SHAP,885.0980747789145,28.601827238302004,1334127.985502936,377.1799484449439,28.421593141632435,568130.6271301624
NSR,KNN,0.0031036650761961937,0.1,4.154477394851191,1.0,1.0,1.0,1.0,1.0,0.5716045242734253,17.445833333333333,823.9689764865863,LIME (ALL),4004.2873201030307,69.41292265301982,6999925.386062372,1709.5530281160027,69.47202740730573,2989078.916522602
NSR,MLP,1.3016285398043692,74.59375,2315.173561952367,1.0,1.0,1.0,1.0,1.0,0.01134370407089591,96.0,21.609432149226116,Permutation Importance,3.0904082753695548,99.97103448275861,5959.544962380747,1.5200388669036329,100.0,2931.503529028435
NSR,MLP,1.3016285398043692,74.59375,2315.173561952367,1.0,1.0,1.0,1.0,1.0,0.01134370407089591,96.0,21.609432149226116,SHAP,409.12156728329137,99.99768893474335,789014.5869857437,175.981223678682,99.98378183565593,339375.520806542
NSR,MLP,1.3016285398043692,74.59375,2315.173561952367,1.0,1.0,1.0,1.0,1.0,0.01134370407089591,96.0,21.609432149226116,LIME (ALL),608.3171736639924,99.99479889768725,1173164.4535105326,260.15180389303714,99.9908163265306,501707.24009903416
NSR,SGD,0.09650578815490007,4.08,131.502978048381,0.9934564643799473,0.9936349506133142,0.9934564643799473,0.9934813119243203,0.9893750171925549,0.00195949524641037,92.0,3.6865383710180013,Permutation Importance,0.9685991848818958,100.0,1868.0127137007992,0.562398474663496,100.0,1084.625629708171
NSR,SGD,0.09650578815490007,4.08,131.502978048381,0.9934564643799473,0.9936349506133142,0.9934564643799473,0.9934813119243203,0.9893750171925549,0.00195949524641037,92.0,3.6865383710180013,SHAP,292.3086212538183,4.6289787080471125,399259.2020008472,125.83052159985527,4.920717131474217,172086.2818352689
NSR,SGD,0.09650578815490007,4.08,131.502978048381,0.9934564643799473,0.9936349506133142,0.9934564643799473,0.9934813119243203,0.9893750171925549,0.00195949524641037,92.0,3.6865383710180013,LIME (ALL),541.0558078452013,99.98466452422011,1043415.8179182912,233.2123851981014,99.99246226586654,449756.37131361087
NSR,GNB,0.007067898288369179,100.0,13.630946698997702,1.0,1.0,1.0,1.0,1.0,0.0024237288162112236,0.1,3.2443341439855953,Permutation Importance,0.9303258471190929,4.466666666666666,1269.824785372874,0.49080269504338503,4.369565217391305,669.6275715216258
NSR,GNB,0.007067898288369179,100.0,13.630946698997702,1.0,1.0,1.0,1.0,1.0,0.0024237288162112236,0.1,3.2443341439855953,SHAP,300.19702377170324,4.56358798592894,409918.01459644735,127.67250309605151,4.879815358791496,174574.57248344226
NSR,GNB,0.007067898288369179,100.0,13.630946698997702,1.0,1.0,1.0,1.0,1.0,0.0024237288162112236,0.1,3.2443341439855953,LIME (ALL),569.5213677054271,99.99205524205524,1098335.9419320857,244.38320066267624,99.99134873258933,471297.98449679994
NSR,RF,0.38121290877461433,10.222222222222221,533.2720819864008,1.0,1.0,1.0,1.0,1.0,0.02044371096417308,4.0,27.847838969369022,Permutation Importance,6.649966933764517,4.378504672897205,9073.245515117122,3.2813231889158487,4.459748427672959,4478.625336593124
NSR,RF,0.38121290877461433,10.222222222222221,533.2720819864008,1.0,1.0,1.0,1.0,1.0,0.02044371096417308,4.0,27.847838969369022,SHAP,469.6855324311182,4.61332739874099,641491.8316254388,198.91943150991574,4.856708860759554,271967.820823834
NSR,RF,0.38121290877461433,10.222222222222221,533.2720819864008,1.0,1.0,1.0,1.0,1.0,0.02044371096417308,4.0,27.847838969369022,LIME (ALL),857.1243125842884,99.99391407232123,1652994.683244174,367.9641973488033,99.99181457866621,709627.4672863734
NSR,VC,0.11247894912958145,20.066666666666666,163.87786533787846,1.0,1.0,1.0,1.0,1.0,0.22032126784324646,37.06363636363637,343.0946076332555,Permutation Importance,52.42324485210702,55.06017316017325,87202.21209316821,39.94185898313299,55.55993756503667,66558.11766772365
NSR,VC,0.11247894912958145,20.066666666666666,163.87786533787846,1.0,1.0,1.0,1.0,1.0,0.22032126784324646,37.06363636363637,343.0946076332555,SHAP,881.8778658458032,27.97767352677848,1326026.571735383,376.1261793123558,28.067540708812412,565757.6845773013
NSR,VC,0.11247894912958145,20.066666666666666,163.87786533787846,1.0,1.0,1.0,1.0,1.0,0.22032126784324646,37.06363636363637,343.0946076332555,LIME (ALL),4011.3935402682982,69.22495962828681,7007899.261440773,1723.0578996790573,69.16532980825232,3009573.6949537788
NSR,BC,0.06386663485318422,25.0,94.91038129432127,1.0,1.0,1.0,1.0,1.0,0.006508739199489355,4.0,8.866018573567272,Permutation Importance,2.0507790176197886,4.384693877551021,2798.1672246959606,0.8918249346315861,4.2146341463414645,1215.9478001355596
NSR,BC,0.06386663485318422,25.0,94.91038129432127,1.0,1.0,1.0,1.0,1.0,0.006508739199489355,4.0,8.866018573567272,SHAP,334.94742151303217,4.628848233598024,457498.5311154869,143.11413709120825,4.9541343939711995,195751.6342810256
NSR,BC,0.06386663485318422,25.0,94.91038129432127,1.0,1.0,1.0,1.0,1.0,0.006508739199489355,4.0,8.866018573567272,LIME (ALL),622.9164121248759,99.99140433360587,1201307.2039604075,268.0271199690178,99.99245641838353,516897.51653625036
NSR,ABC,0.00985041819512844,4.0,13.417958224884101,1.0,1.0,1.0,1.0,1.0,0.0021659149788320065,0.1,2.8992319073794146,Permutation Importance,0.7769524147734046,4.632432432432432,1061.2414632067103,0.4524206961505115,4.342857142857143,617.189728427407
NSR,ABC,0.00985041819512844,4.0,13.417958224884101,1.0,1.0,1.0,1.0,1.0,0.0021659149788320065,0.1,2.8992319073794146,SHAP,284.60689711989835,4.598249887235032,388687.95329133247,121.93898181896657,4.961954697986622,166793.86574381508
NSR,ABC,0.00985041819512844,4.0,13.417958224884101,1.0,1.0,1.0,1.0,1.0,0.0021659149788320065,0.1,2.8992319073794146,LIME (ALL),557.9499915107153,99.99209625912407,1076020.3938355246,240.04679499194026,99.99114762788233,462934.85293862503
NSR,DNN1v0,329.2171651958488,9.367054633339585,458875.08264491725,0.1,0.0,0.1,0.0,-0.2934319543037949,0.3057424337603152,6.846666666666667,421.608653859343,Permutation Importance,89.51223587896675,5.2609433962265095,122596.94241188184,42.931603447999805,5.1464126669965555,58770.5858702668
NSR,DNN1v0,329.2171651958488,9.367054633339585,458875.08264491725,0.1,0.0,0.1,0.0,-0.2934319543037949,0.3057424337603152,6.846666666666667,421.608653859343,SHAP,2823.182330591604,5.0097678757612565,3862477.785446185,1231.5886512640864,5.021159716985403,1685054.9999443067
NSR,DNN1v0,329.2171651958488,9.367054633339585,458875.08264491725,0.1,0.0,0.1,0.0,-0.2934319543037949,0.3057424337603152,6.846666666666667,421.608653859343,LIME (ALL),4394.2878020918,50.9679008818308,7203477.089145216,1885.615714208223,50.94480077636581,3090798.9900210593
NSR,DNN1v1,387.60182119486853,8.982638813724133,539374.6777773803,0.1,0.0,0.1,0.0,-0.2934319543037949,0.2980637112632394,6.685714285714286,410.73690378436555,Permutation Importance,94.86258382024243,5.25364711130951,129920.7541250444,45.22596265701577,5.164590163934454,61916.265457487745
NSR,DNN1v1,387.60182119486853,8.982638813724133,539374.6777773803,0.1,0.0,0.1,0.0,-0.2934319543037949,0.2980637112632394,6.685714285714286,410.73690378436555,SHAP,2873.841537422035,5.036991776011483,3932247.717753299,1238.8756035589613,5.059418220755724,1695304.626309396
NSR,DNN1v1,387.60182119486853,8.982638813724133,539374.6777773803,0.1,0.0,0.1,0.0,-0.2934319543037949,0.2980637112632394,6.685714285714286,410.73690378436555,LIME (ALL),4464.284658425022,50.28272362565096,7300174.603605826,1913.6387362601236,50.28420303711763,3129274.3496127413
NSR,DNN2v0,11.409540044143796,8.302952029520315,15831.408211858445,0.006649076517150396,0.041127196971724525,0.006649076517150397,0.010267939571503728,-0.1525442023523392,0.32638293923810124,7.2875000000000005,450.9201196885032,Permutation Importance,92.27523552114144,5.1911340206186445,126343.17120810828,43.32250339910388,5.208602150537658,59321.59840201941
NSR,DNN2v0,11.409540044143796,8.302952029520315,15831.408211858445,0.006649076517150396,0.041127196971724525,0.006649076517150397,0.010267939571503728,-0.1525442023523392,0.32638293923810124,7.2875000000000005,450.9201196885032,SHAP,2857.889581250027,5.080431176160166,3911153.2763002254,1237.630430093035,5.069936137100378,1693677.505580338
NSR,DNN2v0,11.409540044143796,8.302952029520315,15831.408211858445,0.006649076517150396,0.041127196971724525,0.006649076517150397,0.010267939571503728,-0.1525442023523392,0.32638293923810124,7.2875000000000005,450.9201196885032,LIME (ALL),4446.5140934614465,50.37597224215792,7273561.798472489,1902.539123241324,50.46537601217774,3113157.3902804614
NSR,DNN2v1,13.692512138281018,12.49799999999999,19338.06673222544,0.013720316622691292,0.08354037067709236,0.013720316622691292,0.023569653233763484,-0.1487801309316154,0.2984888241626322,6.135714285714286,410.3541204129709,Permutation Importance,94.70240096282214,5.133810375670951,129634.414741066,44.232211797032505,5.2422690282432045,60576.05014235804
NSR,DNN2v1,13.692512138281018,12.49799999999999,19338.06673222544,0.013720316622691292,0.08354037067709236,0.013720316622691292,0.023569653233763484,-0.1487801309316154,0.2984888241626322,6.135714285714286,410.3541204129709,SHAP,2870.025916500017,5.065822354965643,3927515.035624557,1245.1224749227986,5.097663833873491,1704133.9432778296
NSR,DNN2v1,13.692512138281018,12.49799999999999,19338.06673222544,0.013720316622691292,0.08354037067709236,0.013720316622691292,0.023569653233763484,-0.1487801309316154,0.2984888241626322,6.135714285714286,410.3541204129709,LIME (ALL),4450.872117485851,50.35581210761607,7280161.20106433,1907.7676327908412,50.32636640523956,3120148.221740111
